url,title
https://www.amazon.it/s/ref=sr_nr_n_1/259-0078348-8266225?fst=as%3Aoff&rh=n%3A412609031%2Cp_n_availability%3A490214031%2Cn%3A%21412610031%2Cn%3A435508031%2Cn%3A473235031&bbn=435508031&ie=UTF8&qid=1545015434&rnid=435508031,Elettronica/GPS e accessori/GPS nautici
https://www.amazon.it/s/ref=sr_nr_n_2/259-0078348-8266225?fst=as%3Aoff&rh=n%3A412609031%2Cp_n_availability%3A490214031%2Cn%3A%21412610031%2Cn%3A435508031%2Cn%3A473236031&bbn=435508031&ie=UTF8&qid=1545015434&rnid=435508031,Elettronica/GPS e accessori/GPS per auto
https://www.amazon.it/s/ref=sr_nr_n_3/259-0078348-8266225?fst=as%3Aoff&rh=n%3A412609031%2Cp_n_availability%3A490214031%2Cn%3A%21412610031%2Cn%3A435508031%2Cn%3A1463466031&bbn=435508031&ie=UTF8&qid=1545015434&rnid=435508031,Elettronica/GPS e accessori/GPS per camion
https://www.amazon.it/s/ref=sr_nr_n_6/259-0078348-8266225?fst=as%3Aoff&rh=n%3A412609031%2Cp_n_availability%3A490214031%2Cn%3A%21412610031%2Cn%3A435508031%2Cn%3A473237031&bbn=435508031&ie=UTF8&qid=1545015434&rnid=435508031,Elettronica/GPS e accessori/Localizzatori GPS
https://www.amazon.it/s/ref=sr_nr_n_7/259-0078348-8266225?fst=as%3Aoff&rh=n%3A412609031%2Cp_n_availability%3A490214031%2Cn%3A%21412610031%2Cn%3A435508031%2Cn%3A16063342031&bbn=435508031&ie=UTF8&qid=1545015434&rnid=435508031,Elettronica/GPS e accessori/Trova oggetti
https://www.amazon.it/s/ref=sr_nr_n_3/259-0078348-8266225?fst=as%3Aoff&rh=n%3A412609031%2Cp_n_availability%3A490214031%2Cn%3A%21412610031%2Cn%3A1497228031%2Cn%3A3457416031&bbn=1497228031&ie=UTF8&qid=1545015434&rnid=1497228031,Elettronica/Cellulari e accessori/Smartwatch
https://www.amazon.it/s/ref=sr_nr_n_4/259-0078348-8266225?fst=as%3Aoff&rh=n%3A412609031%2Cp_n_availability%3A490214031%2Cn%3A%21412610031%2Cn%3A435508031%2Cn%3A1463464031&bbn=435508031&ie=UTF8&qid=1545015434&rnid=435508031,Elettronica/GPS e accessori/GPS per moto
https://www.amazon.it/s/ref=sr_nr_n_1/259-0078348-8266225?fst=as%3Aoff&rh=n%3A412609031%2Cp_n_availability%3A490214031%2Cn%3A%21412610031%2Cn%3A1497228031%2Cn%3A1498529031&bbn=1497228031&ie=UTF8&qid=1545015434&rnid=1497228031,Elettronica/Cellulari e accessori/Adesivi decorativi
https://www.amazon.it/s/ref=sr_nr_n_2/259-0078348-8266225?fst=as%3Aoff&rh=n%3A412609031%2Cp_n_availability%3A490214031%2Cn%3A%21412610031%2Cn%3A1497228031%2Cn%3A473246031&bbn=1497228031&ie=UTF8&qid=1545015434&rnid=1497228031,Elettronica/Cellulari e accessori/Cellulari e Smartphone
