产品url, asin, 星级, 评论数, 品牌，标题
https://www.amazon.it/dp/B06WD769B2,B06WD769B2,,,BStech,BStech Garmin PC cavo di interfaccia seriale USB a 4-pin connettore piatto per P. es. Etrex H e altri: Per Garmin Geko 201 Garmin Geko 301 Garmin eTrex Camo Garmin eMap Garmin eTrex Garmin eTrex H Garmin eTrex Legend (ma non Legend C) Garmin eTrex Vista Garmin eTrex Summit Garmin eTrex Venture Garmin eTrex Mariner Golflogix ricevitori GPS， Golflogix Golf GPS,
https://www.amazon.it/dp/B01MF8YHLE,B01MF8YHLE,,,EyeCam,HOKATec， localizzatore GPS per trasmettere la posizione del veicolo in tempo reale， per auto e moto， inclusa applicazione e strumento online， codice articolo EC5292,
https://www.amazon.it/dp/B00YN8PL9U,B00YN8PL9U,,,Evermore,SA-920 48 canali USB ricevitore GPS SIRF 4 chip. Ricevitore satellitare per Marine Boot Yacht SA920 48 canali "all in view" di ever more per il collegamento al PC Bord Computer portatile Desktop NMEA 0183 adatto per Windows Vista 10 8 7 Linux Mac OS XP 98 Apple tramite USB - -163dBm,
https://www.amazon.it/dp/B00MOBTNZG,B00MOBTNZG,5,1,Giovanni Campana,BAD ELF BE-GPS-2300 - GPS PRO BLUETHOOTH per IPHONE E IPAD NAUTICO MARINO,
https://www.amazon.it/dp/B07K28XLHV,B07K28XLHV,,,Aofocy,Aofocy Parasole Navi di 5 Pollici per l' Installazione di Una Sola Tocco del Sole con Monitor sul Veicolo,
https://www.amazon.it/dp/B07JZ3QNPS,B07JZ3QNPS,,,Carrie,Set di luci a LED per bicicletta StVZO con USB， ricaricabile， 300 Lumen， impermeabili， IPX4， Samsung agli ioni di litio， luce anteriore e posteriore per ciclismo,
https://www.amazon.it/dp/B07JYW4NQV,B07JYW4NQV,,,Petterson,Petterson Portable One to Four Wireless Gadget Finder con funzione sleep,
https://www.amazon.it/dp/B07JJ2KJ2J,B07JJ2KJ2J,,,Moliies,OCDAY Ublox 7 Chip Core OP GPS per controller di volo Openpilot NAZE32 / F3,
https://www.amazon.it/dp/B07JGXW9R2,B07JGXW9R2,,,Clongsunny,Alta sensibilità HP-33A Navigatore GPS combinato a 4，3 pollici AIS Transponder combinato,
https://www.amazon.it/dp/B07JCBK48M,B07JCBK48M,,,Ironheel,OCDAY Ublox 7 Chip Core OP GPS per controller di volo Openpilot NAZE32 / F3,
https://www.amazon.it/dp/B07J6NLZ2F,B07J6NLZ2F,,,Monllack,Marine GPS Navigator， 4，3 pollici Display LCD bradipo Combo barche Navigator soluzione di navigazione， per barche,
https://www.amazon.it/dp/B07HXHD1BL,B07HXHD1BL,,,GA-01,marine GPS antenna compatibile con Furuno and Garmin,
https://www.amazon.it/dp/B074FZ15BV,B074FZ15BV,,,Quark-Elec,qk-a022 marine/nave/barca Dual Channel AIS Receiver -- venditore UK,
https://www.amazon.it/dp/B0749DYF97,B0749DYF97,,,Laydran,Laydran A62 Newest all in one 4 G WiFi Android 5.0 navigazione GPS per auto telecamera Bluetooth 17，4 cm schermo capacitivo ROM 16 GB RAM 1 GB Full HD 1080p auto DVR obiettivo doppio sistema di registrazione Navigator,
https://www.amazon.it/dp/B07475DPK5,B07475DPK5,,,Eightwood,Eightwood GPS attivo marine/navigazione antenna 5 meters,
https://www.amazon.it/dp/B073YN5BZ1,B073YN5BZ1,,,Infinity,infinity MPK250 Package W/inf-622 altoparlanti,
https://www.amazon.it/dp/B073SXJ13F,B073SXJ13F,,,,Cover per iPhone 6 Plus， Cover per iPhone 6S Plus，Bonice Ultra Slim Diamante Bling Glitter Specchio Lusso Cristallo Strass Morbida Rubber Bumper 360 Gradi [Rotazione Grip Ring Kickstand] con Supporto Dell'anello Shock-Absorption Bumper e Anti-Scratch Case Cover Per iPhone 6 Plus 6S Plus - nero,
https://www.amazon.it/dp/B072QR3VJH,B072QR3VJH,,,szxuanzhicai,szxuanzhicai-portable Fish Finder， Portable Fish Finder， ecoscandaglio pesci Tackle con cavo sensore sonar trasduttore e LCD dispaly profondità Finders per pesca accurate Query， pesca più facile,
https://www.amazon.it/dp/B072PZVV9V,B072PZVV9V,,,Coffeetreehouse,Coffeetreehouse Cover morbida per iPod Touch 5 / 6， in silicone TPU， trasparente， flessibile， liscia， ultra sottile e leggera， motivo fiore blu,
https://www.amazon.it/dp/B072N27SB3,B072N27SB3,,,JIEJIEWYD,Huawei P8 Lite custodia， Jiejiewyd trasparente morbido TPU silicone gel copertura antiurto custodia,
https://www.amazon.it/dp/B06Y5W1MC4,B06Y5W1MC4,,,BONROY,Huawei custodia， Bonroy® Huawei telefono custodia in pelle sintetica， in custodia a libro， in pelle， con funzione di supporto， slot per schede Money Holster custodia portafoglio per Huawei,
https://www.amazon.it/dp/B06Y5M46P3,B06Y5M46P3,,,Rupse,Rupse GPS tracker compatto， impermeabile， ideale per bambini， genitori， animali domestici e automobili,
https://www.amazon.it/dp/B06XYHTSNT,B06XYHTSNT,,,LI GONG,REAKOSOUND 6.6 "schermo ad alta definizione digitale 800x480， touch screen 7652D,
https://www.amazon.it/dp/B06XY3B39W,B06XY3B39W,,,ICOM,M324 VHF， MFG # M324 22， Fixed Mount VHF radio W/GPS integrato， bianco， classe D DSC， NMEA 0183 in/out， AIS grado (W/Ext,
https://www.amazon.it/dp/B06XT5FX9D,B06XT5FX9D,,,McMurdo,G5 406 Mcmurdo Smartfind Plus GPS Compact EPIRB,
https://www.amazon.it/dp/B06XR3G3ZY,B06XR3G3ZY,,,EyeCam,Localizzatore GPS trasmettitore per biciclette in un Super luminoso Luce Posteriore A Led Rosso trasmettitore GPS in tempo reale localizzazione GPS Tracker per biciclette filo asino auto SMS GPRS standbyzeit Incredibile 25 giorni hokatec,
https://www.amazon.it/dp/B06XKNP2VF,B06XKNP2VF,,,Expresstech,Expresstech @ FM Trasmettitore Auto Kit Bluetooth Wireless Kit Auto Trasmettitore Adattatore Vivavoce Chiamata con Due Porte USB Ricarica per Chiamate in vivavoce e streaming di musica da telefoni iPhone 7 7 Plus 6S 6 SE iPad iPod Samsung Galaxy S7 S6 S5 HTC Sony LG e altri Smartphone,
https://www.amazon.it/dp/B06XHPPWQ3,B06XHPPWQ3,,,Lowrance,Lowrance hds-9 Gen3 Insight/hds-9 "barca in una scatola W/HDi Skimm. [000 – 13934 – 002],
https://www.amazon.it/dp/B07HCMXVW2,B07HCMXVW2,,,WULAU,Trova-chiavi Mini Tracker Allarme GPS Locator per cellulare， bambino， animali domestici， chiavi， portafoglio Smart Bluetooth Phone Wallet,
https://www.amazon.it/dp/B07H7FFLT9,B07H7FFLT9,,,Bellaluee,Marine GPS Navigator， 4，3 pollici LCD visualizza AIS Transponder Combo barca Navigator Soluzione di navigazione， per barche,
https://www.amazon.it/dp/B07H4SDTQB,B07H4SDTQB,,,Bellaluee,Marine GPS， Portable 4，3 pollici LCD Display Combo Marine GPS/sbas barca Navigator Goto seguono navigazione 181 * 143 * 78，6 mm， per tutti i barca marine,
https://www.amazon.it/dp/B07H4DMXKB,B07H4DMXKB,,,Meganolga,Boots copertura， schnellboot Pesce sci Boot Trailer Able coperture 210d tessuto Oxford staubdichtes impermeabile uvschutzzubehoer ad alte prestazioni,
https://www.amazon.it/dp/B07H4BC9TS,B07H4BC9TS,,,Meganolga,Marine GPS Navigator， 4，3 pollici Display LCD bradipo Combo barche Navigator soluzione di navigazione， per barche,
https://www.amazon.it/dp/B07H3X8BX8,B07H3X8BX8,,,Meganolga,Marine SISTEMA DI NAVIGAZIONE GPS， 4，3 pollici LCD visualizza esperto alta empf indli chkeits Transponder kombiniertes Marine navigazione GPS dispositivo di navigazione con AIS avvertimento,
https://www.amazon.it/dp/B07H36XB15,B07H36XB15,,,Ironheel,Marine sistema di navigazione GPS， display LCD da 4，3 pollici ad alta sensibilità del dispositivo professionale Transponder Combo Marine navigatore GPS di navigazione con AIS allarme,
https://www.amazon.it/dp/B07H3645FB,B07H3645FB,,,Ironheel,Marine GPS Navigator， 4，3 pollici Display LCD bradipo Combo barche Navigator soluzione di navigazione， per barche,
https://www.amazon.it/dp/B01N0PY76X,B01N0PY76X,,,ERAY,Shineray Mini GPS Tracker for Kids Elderly Pet Real Time GPS Tracking SOS Panic Button Geo Fence Smallest GPS Tracker Diamond Shape Lady Design GSW – A9,
https://www.amazon.it/dp/B01N0PW24H,B01N0PW24H,,,Apparato diagnostico,Multi veicolo Diag MVD Come TCS Con la versione Bluetooth R2,
https://www.amazon.it/dp/B01N0PW1XX,B01N0PW1XX,,,Apparato diagnostico,Bianco TCS CDP PRO + senza Bluetooth DS è funzionalmente equivalente a 150e,
https://www.amazon.it/dp/B01N0PVZR8,B01N0PVZR8,,,Apparato diagnostico,SNOOPER bluetooth rivelatore TCS CDP 5.00.8 release supporta nuovi modelli,
https://www.amazon.it/dp/B01MYYUAEI,B01MYYUAEI,,,Apparato diagnostico,V2014.02 Multidiag Pro + senza cartone Bluetooth senza Bluetooth,
https://www.amazon.it/dp/B01MXZW72F,B01MXZW72F,,,Garmin,Garmin Drive 50 LM se 5 "15 con mappe paese libero,
https://www.amazon.it/dp/B01MXXA87I,B01MXXA87I,,,Apparato diagnostico,V2014.02 Bluetooth Multidiag Pro + con cassetta 4GB scheda di memoria,
https://www.amazon.it/dp/B01MXXA791,B01MXXA791,,,Apparato diagnostico,TCS CDP DS TCSCDP Pro + con 2014.R2 con Bluetooth,
https://www.amazon.it/dp/B01J1J8O1C,B01J1J8O1C,,,Corelink,[approvazione CE RoHS] Corelink Bluetooth 4.0 anti-loss Tracker Tracer chiave cellulare Tracking Kids Pets Finder registrazione vocale selfie otturatore per iPhone iPad iPod Samsung Android Phone (PAM02),
https://www.amazon.it/dp/B01IMXFIZI,B01IMXFIZI,,,Tomlov,Tomlov impermeabile RF V26 energia solare in tempo reale Quad Band GSM GPS Tracker posizione Locator WiFi Anti-perso allarme vocale Monitoraggio per Farm Cow,
https://www.amazon.it/dp/B01HN7KX4A,B01HN7KX4A,,,AIRFRAME +,Supporto Auto Universale Per Smartphone - AIRFRAME + 6" - Porta Cellulare Universale Per Smartphone， iPhone 6 Plus 6s 6 5s 5 ...， Samsung Galaxy S6 Edge Plus S7 Edge S7 S6 S5 ... LG， HTC e Altri Telefoni Cellulari e Navigatori da Auto di Larghezza 3，4 cm - 8，6 cm 360 Gradi di Rotazione,
https://www.amazon.it/dp/B01HJTEPYG,B01HJTEPYG,,,Humminbird,Humminbird Helix 10 si/GPS Kvd Combo marine， canottaggio attrezzatura,
https://www.amazon.it/dp/B01HJTELTK,B01HJTELTK,,,Ganz Eco-Energy,ganz eco-energy semi-flexible Solar Panel – 55 W marine， canottaggio attrezzatura,
https://www.amazon.it/dp/B01HJTCWVO,B01HJTCWVO,,,Blue Sea,Blue Sea 7605 Batterylink charger – 10 AMP – 2-bank marine， canottaggio attrezzatura,
https://www.amazon.it/dp/B01HJTCU0W,B01HJTCU0W,,,Humminbird,Humminbird Helix 10 sonar/GPS Combo marine， canottaggio attrezzatura,
https://www.amazon.it/dp/B01HIA106C,B01HIA106C,,,Interlinklondon,Mini ELM327 V2.1 OBD2 II Bluetooth Diagnosi Car Auto Interfaccia Scanner,
https://www.amazon.it/dp/B071VVTMZR,B071VVTMZR,,,Rockford Fosgate,Rockford fosgate a80399 Prime M1 25，4 cm (10 pollici) DVC Marine Subwoofer (4ohm) nero,
https://www.amazon.it/dp/B071VQ8LC7,B071VQ8LC7,,,Minn Kota,Minn Kota Ultrex， 112 # 152，4 cm 36 V Ipilot， Xdcr,
https://www.amazon.it/dp/B071S9D4LJ,B071S9D4LJ,,,Rockford Fosgate,Rockford fosgate a80409 Punch M2 30，5 cm (12 pollici) SVC di Marine Subwoofer (4ohm) nero,
https://www.amazon.it/dp/B071S9D1KB,B071S9D1KB,,,Rockford Fosgate,Rockford fosgate a80402 Prime M1 30，5 cm (12 pollici) DVC Marine Subwoofer (4ohm) Bianco/Nero,
https://www.amazon.it/dp/B071LS9CX6,B071LS9CX6,,,EPFT,iPhone6/6P/7/7P， Epft TPU Softshell custodia Weiche Textur rundum-schutz， Naturgetreue Garfield creative ornamento trasparente Softshell， Ansprechend Modisch Kratzer Beweis anti-schmutzig Rutschfestesreiß Fest?Enthusiasten Garfield Gerecht zu werden Benötigt,
https://www.amazon.it/dp/B071HXMWPS,B071HXMWPS,,,Rockford Fosgate,Rockford fosgate a80406 Punch M2 25，4 cm (10 pollici) SVC di Marine Subwoofer (4ohm) nero,
https://www.amazon.it/dp/B071HXMWPR,B071HXMWPR,,,Rockford Fosgate,Rockford fosgate a80404 Punch M2 25，4 cm (10 pollici) SVC di Marine Subwoofer (4ohm) Bianco/Nero,
https://www.amazon.it/dp/B071HXMWPQ,B071HXMWPQ,,,Rockford Fosgate,Rockford fosgate a80395 Prime M1 20，3 cm (8 pollici) DVC Marine Subwoofer (4ohm) nero,
https://www.amazon.it/dp/B01H3EOWR2,B01H3EOWR2,,,,Navionics Platinum Plus 8P136XL Queensland Australia Marine Charts on SD/MSD,
https://www.amazon.it/dp/B01H3EOVAK,B01H3EOVAK,,,,Navionics Platinum Plus 8P135XL Brisbane to Sydney Marine Charts on SD/MSD,
https://www.amazon.it/dp/B01H3EOTNE,B01H3EOTNE,,,,Navionics Platinum Plus 8P133XL Melbourne/Tasmania Marine Charts on SD/MSD,
https://www.amazon.it/dp/B01H3EORVS,B01H3EORVS,,,,Navionics Platinum Plus 7P017XL Red Sea/Gulf of Aden Marine Charts on SD/MSD,
https://www.amazon.it/dp/B01H3EOQ7S,B01H3EOQ7S,,,,Navionics Platinum Plus 7P016XL Persian Gulf/Oman Gulf Marine Charts on SD/MSD,
https://www.amazon.it/dp/B01H3EOOOI,B01H3EOOOI,,,,Navionics Platinum Plus 6P035XL Africa South East/Madagascar Marine & Lake Charts on SD/MSD,
https://www.amazon.it/dp/B01H3EOOGG,B01H3EOOGG,,,Navionics,Navionics Platinum Plus 26P Plus France Marine Charts on SD/MSD,
https://www.amazon.it/dp/B01H3EOMRW,B01H3EOMRW,,,Navionics,Navionics Platinum Plus 6P027XL North Madagascar/Somalia Marine & Lake Charts on SD/MSD,
https://www.amazon.it/dp/B01H3EPYN8,B01H3EPYN8,,,Navionics,Navionics Updates 30XG Africa & Middle East Marine & Lake Charts on SD/MSD,
https://www.amazon.it/dp/B01H3EPXLG,B01H3EPXLG,,,,Navionics Platinum Plus 5P404XL Estonia to Poland Marine & Charts on SD/MSD,
https://www.amazon.it/dp/B01H3EPXCU,B01H3EPXCU,,,Navionics,Navionics Updates 28XG UK， Ireland & Holland Marine & Lake Charts on SD/MSD,
https://www.amazon.it/dp/B01H3EPW80,B01H3EPW80,,,,Navionics Platinum Plus 5P403XL Northern Norway Marine Charts on SD/MSD,
https://www.amazon.it/dp/B01H3EPVMM,B01H3EPVMM,,,,Navionics Updates 20XG Greenland & Iceland Marine & Lake Charts on SD/MSD,
https://www.amazon.it/dp/B01H3EPUQO,B01H3EPUQO,,,,Navionics Platinum Plus 5P400XL Stockholm to Ahus Marine Charts on SD/MSD,
https://www.amazon.it/dp/B01H3EPTA6,B01H3EPTA6,,,,Navionics Platinum Plus 5P399XL Germany West/Denmark West Marine Charts on SD/MSD,
https://www.amazon.it/dp/B01H3EPROY,B01H3EPROY,,,,Navionics Platinum Plus 5P398XL Hamburg/Dunkerque Marine Charts on SD/MSD,
https://www.amazon.it/dp/B07DHW1Q3R,B07DHW1Q3R,,,Raymarine,Raymarine Verado hydraulic kit ricambio,
https://www.amazon.it/dp/B07DHVT84D,B07DHVT84D,,,Raymarine,Raymarine Open Array antenna， HD， 1，2 m.,
https://www.amazon.it/dp/B07DHVSGSB,B07DHVSGSB,,,Blue Sea Systems,Blue Sea Systems montaggio pannello W/DC voltmetro (8003),
https://www.amazon.it/dp/B07DHVQQT4,B07DHVQQT4,,,Raymarine,Radar， magnum， 12 kW， piedistallo solo,
https://www.amazon.it/dp/B07DHVM7Q5,B07DHVM7Q5,,,Simrad,Simrad A2004 Pack (A2004AC70RF300),
https://www.amazon.it/dp/B07DHVJ4K5,B07DHVJ4K5,,,Raymarine,Radar Array， 1，8 m， per Magnum,
https://www.amazon.it/dp/B07DHV35MQ,B07DHV35MQ,,,Blue Sea Systems,Blue Sea Systems DC 3-batt， 2-sw Std， 1 – 100 A， 3 – 15 a,
https://www.amazon.it/dp/B07DFK75YL,B07DFK75YL,,,Leoie,Leoie Realtime GPS Tracker GSM allarme antifurto dispositivo di tracking per auto/veicolo/Moto,
https://www.amazon.it/dp/B0784SV824,B0784SV824,,,Quark-elec,qk-a027 AIS wireless + ricevitore GPS con convertitore SeaTalk -- venditore UK,
https://www.amazon.it/dp/B077PQH93B,B077PQH93B,,,Bonega,Bonega® Mini portatile GPS per auto GSM tempo reale Tracker GPS dispositivo GPS / GSM / GPRS / SMS dispositivo di localizzazione per moto auto camion della bici,
https://www.amazon.it/dp/B077PQ4CQV,B077PQ4CQV,,,Lowrance,Hook2-7 Combo， Inland Maps， DownScan,
https://www.amazon.it/dp/B077PKGM15,B077PKGM15,,,Lowrance,Elite-5 TI， Insight Pro， TotalScan Xdcr,
https://www.amazon.it/dp/B077B9Q51Y,B077B9Q51Y,,,Etsue,Copertura di Copertura per iPhone 7/8，Portafoglio/Portafoglio Custodia Protettiva di Copertura，Verniciata Colorata con Custodia Interna Sottile Sottile TPU e Custodia per Custodia per Carta di Credito，Custodia in pelle con Corda-Molte farfalle,
https://www.amazon.it/dp/B0773LRNLJ,B0773LRNLJ,,,Lowrance,Lowrance 000 – 14184 – 001 HOOK2 GPS All Season， POS， 10，92 cm (4，3 pollici) Nero,
https://www.amazon.it/dp/B0773L5QN8,B0773L5QN8,,,Lowrance,Lowrance 000 – 14183 – 001 HOOK2 All Season EU， POS， 10，92 cm (4，3 pollici) Nero,
https://www.amazon.it/dp/B07717N8CB,B07717N8CB,,,Etsue,Copertura Custodia per Samsung Galaxy S6 edge， Etsue Custodia Morbida per la Copertura del TPU del Silicone， Coperture Tridimensionali di TPU 3D della Moda， Copertura Protettiva del TPU del Coperchio di Protezione [anti-graffio] [assorbimento degli urti]，CasoSottile della Copertura per Samsung Galaxy S6 edge-ananas,
https://www.amazon.it/dp/B07FZR59LR,B07FZR59LR,,,QUICKLYLY,quicklyly 3 pezzo Notte Prima de Todos los Santos Horror enterrado Viva scheletro teschio giardino 56 Prato decorazione,
https://www.amazon.it/dp/B07FSZZV3L,B07FSZZV3L,,,Humminbird,Humminbird xtm-14 – 20-msi-t Trolling Motor Dual Beam Solix 14-pin F/Solix/Onix temperatura = nessuna; velocità inclusi = non,
https://www.amazon.it/dp/B07FSVL12Y,B07FSVL12Y,,,Dailyinshop,Veicolo moto veicolo GPS Tracking Locator impermeabile e antipolvere (colore: Nero),
https://www.amazon.it/dp/B07FQTNDFZ,B07FQTNDFZ,,,KVH,Kvh 01 – 0419 Tracphone lte-1 Extended Range mobile internet,
https://www.amazon.it/dp/B07FQS77X3,B07FQS77X3,,,ONWA,Plotter Cartografico con GPS ONWA KP-6299i,
https://www.amazon.it/dp/B07FLS7RGC,B07FLS7RGC,,,Dailyinshop,Lucky FF3308 – 8 Portable Handheld Wired Fish Finder con telecamera subacquea (colore: Nero & giallo),
https://www.amazon.it/dp/B07FLQ3F5D,B07FLQ3F5D,,,Jasnyfall,jasny Fall auto GPS Tracker Locator veicolo Tracker GPS GSM GPRS Tracking in tempo reale cavo antifurto Proteggere Privacy con 2 P,
https://www.amazon.it/dp/B07FLKWGDP,B07FLKWGDP,,,lennonsi,GSM/GPS/GPRS Auto in tempo reale Tracker Locatore di posizione monitoraggio del monitoraggio del dispositivo impermeabile portatile Allarme personale,
https://www.amazon.it/dp/B01GREPS6I,B01GREPS6I,,,Garmin,Garmin 010 – 01511 – 25 GPS Map Bundle 8422 con Premium – Modulo ecoscandaglio GSD 25,
https://www.amazon.it/dp/B01GOJ5RJE,B01GOJ5RJE,,,Honeststar,Honeststar® Cover per Apple iPhone 5 5S – se ultra sottile [shock-absorption] TPU bumper alloggiamento di scintillio Slim Fit morbida in silicone di protezione schermo (oro)， Pink， iphone SE 5 5S,
https://www.amazon.it/dp/B01GCJV3MQ,B01GCJV3MQ,,,KSRplayer,Ksrplayer® Car Charger Locator GSM Vehicle Car GPS Tracker Professional Ear Bug Listening Device Voice Callback Audio Surveillance Spy Hidden vehicle- (White),
https://www.amazon.it/dp/B01GCJ48GO,B01GCJ48GO,,,KSRplayer,Car Charger Ksrplayer® Locator Tracker GPS GSM Vehicle Car Professional Ear Listening Device Voice Bug Callback Surveillance Audio Black Spy Hidden Vehicle-(),
https://www.amazon.it/dp/B01FWYXCSU,B01FWYXCSU,,,AFTERPARTZ,Afterpartz® Ovo 103 a GPS Tracker Auto controllo + telecomando localizzazione GPS GSM GPRS Google Peil trasmettitore persone e veicolo localizzazione GPS trasmettitore,
https://www.amazon.it/dp/B01FTOF4B6,B01FTOF4B6,,,Interlinklondon,LM3886TF LM3886 TO-220 high-performance 68 W Audio Power Amplifier,
https://www.amazon.it/dp/B01F5AT104,B01F5AT104,,,Garmin,Garmin GPSMAP 78,
https://www.amazon.it/dp/B01EKTAEAM,B01EKTAEAM,,,Interlinklondon,wemos D1 Wi-Fi uno scheda di sviluppo basato su ESP8266 per Arduino,
https://www.amazon.it/dp/B07CLGSYZQ,B07CLGSYZQ,,,Raymarine,Raymarine AIS Class B， AIS700， con divisore,
https://www.amazon.it/dp/B07C6W15JV,B07C6W15JV,,,QianYang,iPhone X Art cover， qianyang Custodia per iPhone X/iPhone 10 5，8 pollici Datura Fiori Custodia Trasparente Custodia Ultra Sottile Morbida TPU Gel Soft Silicone Case Cover,
https://www.amazon.it/dp/B07C125RNJ,B07C125RNJ,,,Antimi,antimi – Braccialetto Fitness， Fitness Tracker Smart Bracelet Smart Watch per Android Smartphone e iPhone， Contapassi， Push – Message e caller id Alert (Nero),
https://www.amazon.it/dp/B07BZLY8KL,B07BZLY8KL,,,DES Home Connect,Orologio bambino traceur GPS,
https://www.amazon.it/dp/B07BWCVS3K,B07BWCVS3K,,,TKSTAR,tkstar Bicicletta Passeggino Motor GPS Tracker GPS in tempo reale LED Fanale posteriore， impermeabile LED luce posteriore nascosto GPS Tracking dispositivo con batteria a lunga durata 25 giorni & App gratuita tk906,
https://www.amazon.it/dp/B07BVV7GM2,B07BVV7GM2,,,fosa,Inseguitore di forma fisica， cardiofrequenzimetro del braccialetto OLED del braccialetto di Bluetooth dell'orologio astuto impermeabile di frequenza cardiaca di Fosa,
https://www.amazon.it/dp/B07B3XF1CT,B07B3XF1CT,,,Whobabe,Whobabe Smart Bluetooth Tracker GPS posizionamento portachiavi cane Smart Search (verde),
https://www.amazon.it/dp/B07B3NXG5B,B07B3NXG5B,,,Whobabe,Whobabe Smart Bluetooth Tracker GPS localizzazione Portafoglio chiave cane Smart Search (Rosa),
https://www.amazon.it/dp/B01BUHEIHW,B01BUHEIHW,,,magicaldeco,Piccolo Telescopio in ottone,
https://www.amazon.it/dp/B01BLLBI8O,B01BLLBI8O,,,Simrad,Simrad 000 – 12576 – 001 go7 multifunzione con donatori posteriore e Navionics mappa marina Plotter cartografico,
https://www.amazon.it/dp/B01BC3G9L2,B01BC3G9L2,,,Identites,Telefono con telecomando SOS – Identites,
https://www.amazon.it/dp/B01B1VQZ14,B01B1VQZ14,,,Raymarine,'Raymarine e62355-LNC "eserie – E7D 7 ibrido di Touch display multifunzione nero/argento,
https://www.amazon.it/dp/B01AG16SY4,B01AG16SY4,,,Interlinklondon,PIONEER PCD 007-Lente di proiettore Laser lettori PCD-007,
https://www.amazon.it/dp/B019RPP1OI,B019RPP1OI,,,Interlinklondon,Philips dvp3550kx DVD meccanico attraversa con blocco ottico lente laser per lettore DVD Philips dvp3550kx,
https://www.amazon.it/dp/B019RMEPAW,B019RMEPAW,,,Humminbird,Chartplotter + ecoscandaglio HELIX 5GPS HD-XD Trasduttore SP 50/200 KHz - HUMMINBIRD,
https://www.amazon.it/dp/B019RJYG7C,B019RJYG7C,,,Interlinklondon,SANYO-PWM 800CRCD meccanico attraversa lettore lente di proiettore Laser lettori CD-800CR PWM SANYO,
https://www.amazon.it/dp/B00K81QXFC,B00K81QXFC,,,Airmar,Airmar (029): Trasduttore profondità interno P79,
https://www.amazon.it/dp/B00K7WC00Y,B00K7WC00Y,,,AIRMAR,Airmar (007): Trasduttore profondità interno P79 Trasduttore di plastica,
https://www.amazon.it/dp/B00K7OIAG0,B00K7OIAG0,,,Lowrance,Lowrance 000-11665-001  Navigatore satellitare Standard Elite 7 Chirp Co Sd WXD 83/200 455/800,
https://www.amazon.it/dp/B00K7HJ0HA,B00K7HJ0HA,,,Airmar,Airmar (006): Trasduttore di profondità/temperatura P66,
https://www.amazon.it/dp/B00K7F27XG,B00K7F27XG,,,Airmar,Airmar (017): Trasduttore profondità/velocità/temperatura B744 V,
https://www.amazon.it/dp/B00K7ELKGW,B00K7ELKGW,,,Airmar,Airmar (014): Trasduttore profondità/velocità/temperatura P66,
https://www.amazon.it/dp/B00JZIFV02,B00JZIFV02,,,Lowrance,Lowrance 000-11216-003 - Sistema di navigazione marina， Elite-4 HDI， 83/200/455/800 kHz,
https://www.amazon.it/dp/B00JS3BOH8,B00JS3BOH8,,,,StrikeMaster Chipper Magnum Power Auger - 8. 25",
https://www.amazon.it/dp/B00MYTCKT4,B00MYTCKT4,,,Raymarine,Raymarine ev-100 Tiller Evolution Autopilot T70153,
https://www.amazon.it/dp/B00MYSUSJ4,B00MYSUSJ4,,,Raymarine,Raymarine Instru， profondità， i40， visualizzazione solo,
https://www.amazon.it/dp/B00MYSP3J4,B00MYSP3J4,,,Furuno,Furuno Rudder Reference F/Navpilot Series Autopilots,
https://www.amazon.it/dp/B00MYSM824,B00MYSM824,,,ICOM,Command mic IV for M424/506， nero,
https://www.amazon.it/dp/B00MYSL3N4,B00MYSL3N4,,,Garmin,Garmin D/S/T， PL lo-pro TH N2 K Smartsensor,
https://www.amazon.it/dp/B00MTPNO1G,B00MTPNO1G,,,Garmin,GARMIN TEMPERATURE SENSOR FOR GST 10,
https://www.amazon.it/dp/B00M78BRGO,B00M78BRGO,,,Raymarine,Raymarine e70232-Serie LNC a A95 Multifunctional Display (22，9 cm (9 pollici)， WiFi， USA Lighthouse NOAA Vector scheda),
https://www.amazon.it/dp/B00M1VK5HY,B00M1VK5HY,,,Greentek,Greentek-Antenna ricevitore GPS esterna impermeabile per BNC Furuno 7，92 Meters (8M) cavo,
https://www.amazon.it/dp/B001UBAOLI,B001UBAOLI,,,Lowrance,Lowrance HDS-5m Gen2 multifunzione GPS Chartplotter,
https://www.amazon.it/dp/B001TCKD6Y,B001TCKD6Y,,,Lowrance,Lowrance - GPS nautico HDS-5 x 50/200 Echolot con Transducer， colore: Grigio,
https://www.amazon.it/dp/B001HM9PQU,B001HM9PQU,,,Incutex,Incutex GPS Tracker Tk102 V3 - Localizzatore GPS/GSM/GPRS mini， dotato di collegamento a Google via SMS per localizzazione di persone,
https://www.amazon.it/dp/B001HL4YMG,B001HL4YMG,,,Garmin,Garmin GPSMAP 640 Fisso 5.2" Touch screen 490.4g Grigio navigatore,
https://www.amazon.it/dp/B00110IZ7I,B00110IZ7I,,,Garmin,Garmin GPSMAP 4010 10.4" Network Chartplotter,
https://www.amazon.it/dp/B000YSP8LO,B000YSP8LO,,,Garmin,Garmin GPSMAP 76CSx Portatile LCD 218g navigatore,
https://www.amazon.it/dp/B000VYBXWE,B000VYBXWE,,,Lee's Tackle,LEE'S 22' BRIGHT SILVER FINISH OUTRIGGER POLES 2" OD,
https://www.amazon.it/dp/B000UFA4C4,B000UFA4C4,,,Garmin,Garmin BlueChart g2 Vision VEU458S,
https://www.amazon.it/dp/B014FH69A8,B014FH69A8,,,MC MARINE,Fissaggio a muro per LCD - VESA BT-7510 - MC MARINE,
https://www.amazon.it/dp/B014FH66AQ,B014FH66AQ,,,MC MARINE,SCHERMO 17'' Led LCD TFT 12V  - MC MARINE,
https://www.amazon.it/dp/B0141OLFH2,B0141OLFH2,,,Taco,taco Grand Slam 280 outrigger mounts W/offset Handle,
https://www.amazon.it/dp/B013XQW61S,B013XQW61S,,,Garmin,Garmin GPSMAP 820,
https://www.amazon.it/dp/B013GM0QYI,B013GM0QYI,,,Nauticus,Nauticus Smart Tabs SX Series F/barche 21 " -25 "up to 250HP Motors,
https://www.amazon.it/dp/B013GLDXFS,B013GLDXFS,,,Raymarine,Raymarine I50/I60 Wind/velocità/profondità sistema confezione,
https://www.amazon.it/dp/B013GLDC3Q,B013GLDC3Q,,,Raymarine,Raymarine Instru， vento， i40 W/Rotavecta sensore,
https://www.amazon.it/dp/B011TPM4GM,B011TPM4GM,,,Raymarine,Raymarine E70285-NAG ES-serie ES128 poposh Touch multi function Display Built-in Down Vision con Sonar (14，5 cm， WiFi， North America Navionics， carta),
https://www.amazon.it/dp/B000255M42,B000255M42,,,Garmin,Garmin scheda Plotter GPSMAP 3010 C,
https://www.amazon.it/dp/B0001MALWY,B0001MALWY,,,Garmin,Garmin GPSMAP 276C Portable Navigator Portatile LCD 385g Nero navigatore,
https://www.amazon.it/dp/B0000C5FXV,B0000C5FXV,,,Garmin,Garmin GPSMAP 188C (Colour) con antenna esterna e trasduttore,
https://www.amazon.it/dp/B00006J6SA,B00006J6SA,,,Garmin,Garmin GPS 72 - Navigatore GPS nautico portatile,
https://www.amazon.it/dp/B00005B4BJ,B00005B4BJ,,,Garmin,Garmin  GPSMAP 76 Hand Held Marine GPS,
https://www.amazon.it/dp/B000059ZZF,B000059ZZF,,,Magellan,Magellan 330 m 2.2 x 3，4 cm Water Resistant marine GPS,
https://www.amazon.it/dp/B002WN2RFY,B002WN2RFY,,,Lowrance,Lowrance - GPS nautico HDS-5 con plotter cartografico ed ecoscandaglio， colore: Grigio,
https://www.amazon.it/dp/B002SWUTUY,B002SWUTUY,,,Garmin,Garmin Gpsmap 421,
https://www.amazon.it/dp/B002QKC4XS,B002QKC4XS,,,Shakespeare,Shakespeare VHF 8 6225-r Phase III antenna – no cable,
https://www.amazon.it/dp/B002MCG760,B002MCG760,,,Garmin,Garmin Bluechart VEU010R – Spain， Costa Mediterranea Maps 010-c0768 – 00,
https://www.amazon.it/dp/B002LITI70,B002LITI70,,,Magellan,Magellan RoadMate 1700 Fisso 7" LCD Touch screen 297g Nero navigatore,
https://www.amazon.it/dp/B002KR1J06,B002KR1J06,,,Garmin,GARMIN GPSMAP 431 GPS CHART PLOTTER INLAND LAKES & RIVERS,
https://www.amazon.it/dp/B002KMSVMK,B002KMSVMK,,,Garmin,Garmin GPSMAP 441s Fisso 4" 590g navigatore,
https://www.amazon.it/dp/B002KMBYJC,B002KMBYJC,,,Garmin,Garmin GPSMAP 431s,
https://www.amazon.it/dp/B00UAN9KQC,B00UAN9KQC,,,Riviera,BU3 installazione incasso orizzontale - nera - rosa nera 5° - RIVIERA,
https://www.amazon.it/dp/B00UAN6AKG,B00UAN6AKG,,,Standard Horizon,Microfono esterno impermeabile tutti i modelli VHF HX salvo 280E/HX300E - STANDARD HORIZON,
https://www.amazon.it/dp/B00UAN69F2,B00UAN69F2,,,Standard Horizon,Standard Horizon Altoparlanti per VHF VLH3000， GX2000E e GX2100E,
https://www.amazon.it/dp/B00U9PW0J0,B00U9PW0J0,,,Riviera,BU10 alta velocità - instal. Incasso orizz. - nera - rosa nera 5° - lett. frontale con cop. diam. 100 mm Nero/Rosa Nero - RIVIERA,
https://www.amazon.it/dp/B00U9PQO6K,B00U9PQO6K,,,Riviera,BV3 installazione chiesuola - nera - rosa nera 5° NERO diam. 70 mm - RIVIERA,
https://www.amazon.it/dp/B00TM8KRG8,B00TM8KRG8,,,Garmin,Garmin # 010-c0773 – 00 Garmin VEU015R – Aegean Sea & Sea of Marmara – SD Card,
https://www.amazon.it/dp/B00T4RCMSS,B00T4RCMSS,,,Spartechnik,Marine Antenne webboat it1003 per Wifi， 3 G per la ricezione di Wireless Internet & il Funk con gli standard: WiFi & 3 G con Access Point per yacht barca a vela e barche a motore nel porto & in movimento fino a 10 Miglia di mare – con App per Android e Apple iOS per controllare – GLOMEX Web Boat IT 1003,
https://www.amazon.it/dp/B00RLO8QHM,B00RLO8QHM,,,Lowrance,Lowrance Elite 4 HDI Chirp Combo 83/200kHz Rilevatore pesci Ecoscandaglio GPS Montaggio fisso,
https://www.amazon.it/dp/B00C5092TI,B00C5092TI,,,Raymarine,'Raymarine e62355 "eserie – E7D ibrido di Touch display multifunzione/POS NERO/ARGENTO,
https://www.amazon.it/dp/B00BFXCZAY,B00BFXCZAY,,,Garmin,Orologio Forerunner 310XT + Custodia di protezione,
https://www.amazon.it/dp/B00B6WS0IA,B00B6WS0IA,,,Raymarine,Raymarine E93018 – 2 37STV 37 cm TV satellitare per Europa – nero,
https://www.amazon.it/dp/B00B5CHGE0,B00B5CHGE0,,,Garmin,Garmin echoMAP 70s,
https://www.amazon.it/dp/B00ALZNB1O,B00ALZNB1O,,,Raymarine,Raymarine E92143/Raymarine RD424HD 4 kw 61 cm HD digital Radome (senza cavo),
https://www.amazon.it/dp/B00AJVY27W,B00AJVY27W,,,Arco,Starter 90 110 80JT 586284,
https://www.amazon.it/dp/B00AJVRZ1C,B00AJVRZ1C,,,Garmin,GARMIN GPSMAP 741 CHARTPLOTTER U.S.LAKES & U.S.BLUECHART G2,
https://www.amazon.it/dp/B00AHIINW2,B00AHIINW2,,,Scotty,Scotty Downrigger， Depthmaster Man， 58，4 cm W/morsetto,
https://www.amazon.it/dp/B011LMWS5A,B011LMWS5A,,,Raymarine,Raymarine pilota， ev-400 a/P， W/P70， no Drive,
https://www.amazon.it/dp/B011LMVZ0Y,B011LMVZ0Y,,,Garmin,Garmin Xdcr， chirp-h， Bronze LP 20 Tilt， 8 pin,
https://www.amazon.it/dp/B011LMUWU8,B011LMUWU8,,,Raymarine,Raymarine ev-1 Evolution Autopilot sensore,
https://www.amazon.it/dp/B011LMRENQ,B011LMRENQ,,,Raymarine,Raymarine Dragonfly 5 Pro， C-Map US， W/Xdcr,
https://www.amazon.it/dp/B011KJQKTE,B011KJQKTE,,,Dock Edge,Dock Edge Welded aluminum Fixed 4 step Ladder,
https://www.amazon.it/dp/B010SDBYV2,B010SDBYV2,,,Humminbird,Humminbird 409790 – 1 Helix 7 sonar ecoscandaglio con Dual Beam Plus,
https://www.amazon.it/dp/B010NCZ5Z4,B010NCZ5Z4,,,Evermore,Ever more Marine 48 canali Ricevitore GPS SiRF Star SA-920 RS-232 INTERFACCIA 4 SiRF IV Chip per Lorenz panoramico 8 XL Sun Color Worldmap Excalibur Starlight 11 12 15 Sky X7 Orion 7...  * NMEA 0183 12 - - 24 V - sensibilità -163dBm SIRF 4,
https://www.amazon.it/dp/B010DVWWCY,B010DVWWCY,,,Humminbird,Lakemaster 600011 – 2 neoprene Pro custodia da trasporto – nero,
https://www.amazon.it/dp/B00IJE0XME,B00IJE0XME,,,Standard Horizon,VHF， Matrix AIS/GPS， 30W Hailer， White,
https://www.amazon.it/dp/B00ICUYKCY,B00ICUYKCY,,,magicaldeco,Telescopio in ottone con legno di legno,
https://www.amazon.it/dp/B00HM9K656,B00HM9K656,,,Raymarine,Raymarine pilota， ev-100 P70RS Power Pack,
https://www.amazon.it/dp/B00HJZMZB6,B00HJZMZB6,,,Lowrance,Lowrance 000-11301-001 - Modulo sonar per navigazione marittima， con funzioni TM150 Chirp e StructureScan LSS2,
https://www.amazon.it/dp/B00HJZMWKA,B00HJZMWKA,,,Lowrance,Lowrance Sonarhub Fishfinder Chirp Novita 2014 2015,
https://www.amazon.it/dp/B00HJZMU48,B00HJZMU48,,,Lowrance,Lowrance 000-11141-001 Marine Navigation System Sonarhub con StructureScan trasduttore da poppa,
https://www.amazon.it/dp/B00FYU1C30,B00FYU1C30,,,Garmin,Garmin Garmin Bluechart G2 – HXEU047R Gulf of Bothnia – Kalix to Grisslehamn – MicroSD/SD/010-c0783 – 20/,
https://www.amazon.it/dp/B00FS903X2,B00FS903X2,,,Garmin,Garmin 010-c0924 – 00/Garmin VAW005R The Gulf & Red Sea – G2 Vision SD,
https://www.amazon.it/dp/B0066T3P9M,B0066T3P9M,,,Raymarine,Raymarine ray-e52092/48 Open Array digitale per s-hd piedistallo,
https://www.amazon.it/dp/B0066T1LOI,B0066T1LOI,,,Digital Yacht,DIGITAL YACHT ANT200 SMART AIS ANTENNA,
https://www.amazon.it/dp/B005MN6WAM,B005MN6WAM,,,Spartechnik,Satelliten Empfänger sa-920 USB mit SiRF Star III chip für marine Schiff Agrar Lkw. GPS 20 Kanal Empfänger SiRF 3 USB für PC Bordcomputer， laptop desktop NMEA IP65 Höchste Sensibilität -159 dBm,
https://www.amazon.it/dp/B0055ZT0GK,B0055ZT0GK,,,TomTom,TomTom GO LIVE 1000 Europe,
https://www.amazon.it/dp/B0053XY5IM,B0053XY5IM,,,RAVEL MATCH LLC,RAVEL MATCH LLC rave Sports Mega Storm tubo (blu) 193 x 27，9 cm,
https://www.amazon.it/dp/B004X5YCC0,B004X5YCC0,,,Incutex,Incutex Base di Ricarica con connettore per Il GPS Tracker TK102 V3 + V6 e per tk5000 – Marchio,
https://www.amazon.it/dp/B004SXBY9G,B004SXBY9G,,,Garmin,Garmin GPSMAP 6012 Fisso 7200g Grigio navigatore,
https://www.amazon.it/dp/B004PYV8GC,B004PYV8GC,,,Digital Yacht,AIS Rcvr.， AISnet Base Station,
https://www.amazon.it/dp/B07HQF7ZN3,B07HQF7ZN3,,,Poncherish,Poncherish 7 pollici 8 GB Touch Screen Auto Navi GPS Navigazione per auto auto contiene le mappe europee e aggiornamento,
https://www.amazon.it/dp/B00KAXDOOG,B00KAXDOOG,3.2,98,TomTom,TomTom GO 60 EU 45 GPS per Auto， Schermo 6 Pollici， 8 GB， Nero,
https://www.amazon.it/dp/B076H5WH6S,B076H5WH6S,3.2,5,XOMAX,XOMAX XM-DA712 Android 6.0.1 Autoradio con navigatore GPS App + schermo touch screen da 7'' / 18 cm + Supporto WIFI / 3G / 4G DAB+ / OBD2 + Bluetooth vivavoce + Porta USB (2TB) e SD (fino a 256GB),
https://www.amazon.it/dp/B00BHT7CAE,B00BHT7CAE,3.5,56,Garmin,Garmin Nuvi 52LM WE Navigatore Auto， 5"， Europa Occidentale， 24 Paesi con Aggiornamento Mappe a Vita， Nero,
https://www.amazon.it/dp/B00B06K5UI,B00B06K5UI,3.6,8,Garmin,Garmin Edge 810 GPS Bike Computer Cartografico， con Fascia Cardio Premium， Staffe， Sensore Velocità/Cadenza， Mappe City Navigator Europa,
https://www.amazon.it/dp/B0067HIV1U,B0067HIV1U,3.7,71,TomTom,TomTom XXL Classic Europa 23 Paesi， 5"， Map Share， IQ Routes， Riproduzione Vocale， Avvisi Autovelox， Indicatore di Corsia,
https://www.amazon.it/dp/B00M0FP42M,B00M0FP42M,3.9,182,TomTom,TomTom Start 50 Europa GPS Completa 45 Paesi，  Schermo 5''， Aggiornamento Mappe a Vita Incluso， IQ Routes [Italia],
https://www.amazon.it/dp/B00X7HHTNO,B00X7HHTNO,4.3,152,TomTom,TomTom GO 510 World GPS per Auto 5" con Segnalazione Traffico， Tutor e Autovelox,
https://www.amazon.it/dp/B00I003X0Q,B00I003X0Q,4.3,22,Garmin,Garmin Dash Cam 20 GPS Videocamera da Parabrezza con Accelerometro e GPS， Nero,
https://www.amazon.it/dp/B071756ZWC,B071756ZWC,,,Xzent,XZENT X-F220 lettore di schede MicroSD Card con iGo Primo europamap-F220 X sdfeu,
https://www.amazon.it/dp/B00B3SELA8,B00B3SELA8,3.7,232,Garmin,Garmin Nüvi 2597LMT Europa， 5"， Mappa Europa Completa 45 Paesi， Infotraffico Premium e Aggiornamento Mappe a Vita Incluso， Vivavoce Bluetooth Live Ready， Attivazione Vocale， Colore Nero,
https://www.amazon.it/dp/B07BJXC34W,B07BJXC34W,,,Ohok,Ohok 7 Pollici Android 8.0 Oreo Octa Core 2 Din In Dash Autoradio Schermo di Tocco Lettore DVD Navigatore GPS Con Bluetooth Per Ford Focus nero con piccola telecamera di retromarcia,
https://www.amazon.it/dp/B07239RC4S,B07239RC4S,3.4,27,Junsun,Junsun GPS Navigatore Touchscreen Capacitivo per Auto FM 8GB/268MB Bluetooth con Mappa Italia e Europa Centrale Aggiornamento a Vita e Infotraffico con Protezione Antiriflesso,
https://www.amazon.it/dp/B06Y42P1LJ,B06Y42P1LJ,2.4,43,LESHP,LESHP 3D Navigatore Satellitare 7 pollici GPS Auto Smart Voice Ricordando Android 8GB per 48 paesi,
https://www.amazon.it/dp/B019ZA55YG,B019ZA55YG,2.5,21,XOMAX,XOMAX XM-DTSBN927 Autoradio / Moniceiver / Naviceiver con navigatore GPS con cartografia europea + Funzione vivavoce Bluetooth + Display schermo touchscreen 7'' pollici / 18cm， risoluzione HD， 800 x 480 px， 16:9 + Porta USB (128 GB) + Slot per schede Micro SD (128GB) + lettore CD / DVD "codefree"+ MPEG4， MP3， WMA， JPEG， ecc. + Ingresso per telecamera retromarcia + Ingresso per comandi al volante e uscita subwoofer + Dimensioni standard 1 DIN / singolo DIN + Telecomando， plancia， mascherina,
https://www.amazon.it/dp/B016N0SLM4,B016N0SLM4,3.2,9,TomTom,TomTom GO 61 World GPS per Auto， Segnala Traffico， Tutor&Autovelox,
https://www.amazon.it/dp/B00DC11R2Y,B00DC11R2Y,3.7,33,TomTom,TomTom Go 400 Europe 45 GPS per Auto， Mappe Gratis a Vita， Schermo 4.3 Pollici， Mappa Interattiva e 3D， Traffico a Vita， Ricerca Rapida， Map Share， IQ Routes， Nero,
https://www.amazon.it/dp/B00BCWDXQI,B00BCWDXQI,3.8,42,TomTom,TomTom Rider 45 GPS per Moto， Nero,
https://www.amazon.it/dp/B076H2S7XT,B076H2S7XT,3.2,19,XOMAX,XOMAX XM-VA714 Android 6.0.1 Autoradio con navigatore GPS App + schermo touch screen da 7'' / 18 cm + Supporto WIFI / 3G / 4G DAB+ / OBD2 + Bluetooth vivavoce + Porta USB (2TB) e SD (fino a 128GB),
https://www.amazon.it/dp/B075VNDNMD,B075VNDNMD,5,5,GKKCOO,Autoradio 1 Din Touch Screen HD 7 Pollici， Navigatore GPS Stereo per Auto， Bluetooth Auto Stereo MP5 Lettore， con Telecomando， Autoradio 7 LED Colori illuminazione,
https://www.amazon.it/dp/B01L8U10TA,B01L8U10TA,5,1,Becker,Becker Professional 6SL+ GPS per Auto， Nero,
https://www.amazon.it/dp/B07G64TTX9,B07G64TTX9,,,IronHeel,7 pollici camion dell'automobile， 256M + 8GB capacitivo dell'automobile dello schermo di navigazione GPS con tempo di vita Mappe e Traffic Star Navigator System Radio di sostegno FM e caricabatteria da auto,
https://www.amazon.it/dp/B07F1W34DF,B07F1W34DF,1,1,Daxstar,Navigatore GPS per Auto， 7 Pollici Touchscreen Navigazione con Supporto Bluetooth e Mappa Europa Gratuita,
https://www.amazon.it/dp/B00HZAJD38,B00HZAJD38,4,59,Garmin,Garmin Nuvi 55LMT Navigatore， 5"， Auto Europa Centrale， 22 Paesi con Aggiornamento Mappe a Vita e Infotraffico TMC Incluso， Nero,
https://www.amazon.it/dp/B01EC9LR60,B01EC9LR60,2.6,2,CARRVAS,Carrvas Navigatore Navigatori GPS per auto， Schermo da 7 pollici touch， memoria 8GB， 800x480 pixel， Mappa Europea,
https://www.amazon.it/dp/B00K182FPY,B00K182FPY,3.2,5,Discoball,Discoball® 17，78 cm di navigazione GPS SAT NAV FM MP3 MP4 Touch Screen autovelox gratis aggiornamento mappe 4 GB 128 m con parasole,
https://www.amazon.it/dp/B07FDXB7QC,B07FDXB7QC,1,2,BINGNENG,703 Auto Sattelitare GPS Navigatore da 7 Pollici con Mappe Precaricato Europa， Caricatore a Doppia USB， Aggiornamento Mappe Gratuito a Vita,
https://www.amazon.it/dp/B0793NN2C2,B0793NN2C2,,,Smarcent,Navigazione GPS per auto Autocarro per camion da 7 pollici GPS Navigatore satellitare GPS Windows Navigatore satellitare da 8 GB Navigatore con HD SpeedCam POI MP3 Lifetime Mappe EU del Regno Unito (versione aggiornata),
https://www.amazon.it/dp/B077G912XV,B077G912XV,,,HERE,2012 Honda navigatore satellitare， mappe disco navigazione DVD UK Europa v2.11,
https://www.amazon.it/dp/B0777HMPXQ,B0777HMPXQ,,,LESHP,leshp RK-A701 auto Radio MP5 Player 7 pollici doppio DIN Full HD touch screen DVD Player con Bluetooth GPS Navigation System Free,
https://www.amazon.it/dp/B076GKHWB4,B076GKHWB4,2.7,2,ATOTO,ATOTO A6 2DIN Autoradio Stereo - Navigatore - Android - Dual Bluetooth con USB 2A -A61721P 2G+32G Car Entertainment Multimedia Radio，WiFi /BT Tethering internet -Supporta SD da 256GB & altro,
https://www.amazon.it/dp/B073S329WT,B073S329WT,2,2,MASIONE®,Masione Android 6.0 Autoradio 2 DIN con GPS Navigation 7 pollici in dash auto audio stereo HD Video Player Touch Screen 1080P FM/AM/RDS Radio ricevitore Head Unit con Bluetooth Mirror Link WiFi,
https://www.amazon.it/dp/B073PWB2S7,B073PWB2S7,,,KC Navigation,Latest UI doppio DIN 15，7 cm Car GPS Navigation in dash lettore DVD auto stereo touch screen con Bluetooth USB SD MP3 radio universale per auto con telecamera libera,
https://www.amazon.it/dp/B071NFZSS4,B071NFZSS4,1,1,XCSOURCE,TKSTAR Impermeabile in tempo reale la posizione del collare GPS GSM / GPRS / WIFI Locator Mini GPS Tracker dispositivo di monitoraggio per Anti perso cane gatto PS114,
https://www.amazon.it/dp/B007IQMTEO,B007IQMTEO,3.1,10,Garmin,Garmin nüvi 2585TV， 5"， Mappa Europa completa 45 paesi， Infotraffico premium incluso， Vivavoce Bluetooth， DVB-T， Funzione PVR su microSD， Lettore multimediale.,
https://www.amazon.it/dp/B006E0QYL4,B006E0QYL4,3.7,9,TomTom,TomTom Start Europa Occidentale Classic Ricevitore GPS， Nero,
https://www.amazon.it/dp/B01MCT6FSR,B01MCT6FSR,1.8,3,Noza Tec,Noza Tec 7" GPS Navigatore Per Auto， 8GB， Bluetooth， Aggiornamento Gratuito Per Mappa Europea (Cornice d’argento),
https://www.amazon.it/dp/B006OJZQQE,B006OJZQQE,3.1,55,Garmin,Garmin nüvi 3590LMT Europe， 5" Capacitivo， Ultrasottile， Mappa Europa Completa 45 paesi， Infotraffico premium e aggiornamento mappe a vita incluso， Vivavoce Bluetooth， Live Ready， Attivazione vocale,
https://www.amazon.it/dp/B07G1RV1CY,B07G1RV1CY,,,Moliies,7026GM 7 pollici GPS Navigation Car FM 2 Din Radio Player multimediale Touch Screen Bluetooth MP4 MP5 Mirror Link Device,
https://www.amazon.it/dp/B07FKS8F49,B07FKS8F49,,,Camecho,1DIN HD 17，8 cm auto MP5 Player radio stereo pieghevole touch screen GPS Head Unit Bluetooth mappe Europa intrattenimento multimediale radio + mini 8 luce IR telecamera (con 8 g mappa card),
https://www.amazon.it/dp/B07F7Z6B5C,B07F7Z6B5C,5,1,QT,504 GPS Auto Navigazione satellitare da 5 pollici SpeedCam Lane con aggiornamenti gratuiti delle Mappe UE e UK tutta la vita,
https://www.amazon.it/dp/B07DW4TFM7,B07DW4TFM7,,,DOUZHE,Navigazione GPS da 7 pollici tramite navigatore satellitare， per auto Truck 2018 World Maps + Aggiornamenti a vita,
https://www.amazon.it/dp/B07DG969DZ,B07DG969DZ,,,GUKONIC,Gukonic 7 pollici GPS Navigator Per Auto Camion con autovelox Mappe di aggiornamenti a vita GRATUITA per 217 Paesi,
https://www.amazon.it/dp/B079K553Z3,B079K553Z3,,,Smarcent,Navigazione GPS per auto 7 pollici 8 GB per autocarro Camion auto GPS Windows Car NAV NAV Navigatore satellitare Navigatore tattile con HD SpeedCam POI MP3 Lifetime Mappe EU UK (versione aggiornata),
https://www.amazon.it/dp/B079J3PD36,B079J3PD36,,,HEREMAPS,2015 Porsche pcm2.1 navigatore satellitare， mappe disco DVD di navigazione Europa,
https://www.amazon.it/dp/B078SQCFG1,B078SQCFG1,,,CARRVAS,CARRVAS 5 inch GPS Navigation Car SAT NAV for Car Truck European Maps installed free Lifetime update,
https://www.amazon.it/dp/B014R3AJFG,B014R3AJFG,3,1,SmarTure,SmarTure 5'' Smart Android Specchietto REtrovisore Quad Core con Navigazione GPS， DVR，WIFI，telecamera retromarcia，Bluetooth，1 GB di RAM 8 GB ROM 32GB Scheda，staffa #1 #3 e #7 per Honda， Toyota， Ford， V.W.， Lexus， Mazda， e altro ancora,
https://www.amazon.it/dp/B004ASN2SK,B004ASN2SK,3.4,19,Garmin,Garmin Nuvi 1440 Navigatore GPS,
https://www.amazon.it/dp/B071CTZXRH,B071CTZXRH,1,1,Junsun,Junsun auto navigazione GPS Android Bluetooth WiFi Quad-Core con Regno Unito e Full EU mappa free Lifetime Map Updates,
https://www.amazon.it/dp/B06Y53BVDQ,B06Y53BVDQ,3,1,XRROSS,XRROSS Android 6.0 Autoradio / lettore multimediale con schermo di navigazione + 7 pollici / schermo di 17.5cm HD (1024x600 pixel) +256 colori Schermo di tocco dello schermo di tocco + Wi-Fi + Bluetooth + 2GB / 16GB Capacità di archiviazione interna + Funzione DVR + Connessioni per telecamera retromarcia， telecamera anteriore， telecamera USB DVR， volante e subwoofer + Stadard 2 DIN adatta a gran parte delle auto + 4x50 Watt Max Power,
https://www.amazon.it/dp/B01N0AC80A,B01N0AC80A,,,MCWAUTO,17，8 cm Volkswagen Car GPS Navigation Unit per Passat/Magotan/Sagitar/Skoda/Seat/Bora/Beetle CC/Polo da golf EOS GTI Jetta Tiguan con radio， DVD， iPod， Bluetooth， USB， ingresso AUX， US & Canada mappa,
https://www.amazon.it/dp/B01MYQG83D,B01MYQG83D,3,1,LANDNAVI,Landnavi® LN501 2 DIN auto stereo + MP5 Player – 180 Watt Bluetooth AM/FM radio AUX IN USB Micro SD 17，8 cm schermo Imagine Entertainment GPS preciso posizionamento,
https://www.amazon.it/dp/B01MRPGA6O,B01MRPGA6O,1,1,LANDNAVI,landnavi® 3 G WIFI 7 pollici 2 din per auto testa unità – GPS， Win CE， Touch Screen， 90 gradi inclinare schermo， Bluetooth， interfaccia 3d， ln506tw,
https://www.amazon.it/dp/B01MFACIOX,B01MFACIOX,,,Cherry,7 Pollici LCD Touch Screen Auto GPS Navigatore Satellitare 8GB/128MB Lettore Multimediale， Trasmettitore FM con Mappe di Europa Compatibile Con Windows XP,
https://www.amazon.it/dp/B01LYJX7R4,B01LYJX7R4,,,Navline,Navline 17，8 cm Android navigatore satellitare con Built-in Dash Cam， auto camion GPS Navigation + guida registratore + Android Tablet 3 in 1， con wifi， Bluetooth， mappe UE precaricato principale， Lifetime Map,
https://www.amazon.it/dp/B01KCAWH5I,B01KCAWH5I,,,Backup,Mercedes Benz NTG2 V16 UK Europa 2016 Comand Aps DVD navigazione A2118270001 (verde),
https://www.amazon.it/dp/B00BQ7O3HW,B00BQ7O3HW,4,4,TomTom,TomTom Orologio GPS Nike+ SportWatch - Antracite/Rosso,
https://www.amazon.it/dp/B009VU7GWU,B009VU7GWU,3.8,10,Garmin,Garmin Dezl 560LMT GPS， Nero/Antracite,
https://www.amazon.it/dp/B009RLFY8Q,B009RLFY8Q,3.5,4,Garmin,Garmin Nüvi 50WE LM Navigatore， 5 Pollici， Mappa Europa Occidentale， 24 Paesi， Aggiornamento Mappe a Vita Incluso， Autovelox e Vista Svincoli， Nero,
https://www.amazon.it/dp/B005RUUEZ4,B005RUUEZ4,3.1,19,Garmin,Garmin nüvi 2545LM Western Europe， 5"， Mappa Europa Occidentale 24 paesi， Aggiornamento mappe a vita incluso,
https://www.amazon.it/dp/B005MWRVHQ,B005MWRVHQ,4.1,11,TomTom,TomTom XXL Classic Series CE T [Importato da Germania],
https://www.amazon.it/dp/B005M2AIY4,B005M2AIY4,5,1,TomTom,TomTom XXL Classic Sistema di navigazione,
https://www.amazon.it/dp/B005J9A2NW,B005J9A2NW,3.3,14,Garmin,Garmin Nüvi 50 Western Europe，  Schermo 5 Pollici， Mappa Europa Occidentale 24 Paesi,
https://www.amazon.it/dp/B0053Y85SW,B0053Y85SW,3.4,9,TomTom,TomTom Start 20,
https://www.amazon.it/dp/B00HW1POK6,B00HW1POK6,3.3,5,Garmin,Garmin Head-UP GPS per Auto， Nero,
https://www.amazon.it/dp/B00BPQRMB8,B00BPQRMB8,3.5,5,Parrot,Parrot Asteroid Tablet,
https://www.amazon.it/dp/B0087NWS4S,B0087NWS4S,2.9,6,MAPPY,Mappy ultiX570Camp Palmare/Fisso 5" LCD Touch screen 175g Nero navigatore,
https://www.amazon.it/dp/B00PJC8FI8,B00PJC8FI8,1,1,LUJII,LUJII Eximtrade Universale Regolabile 360° Rotazione Auto Supporto Telefono per Apple iPhone 6/6s/6 Plus/6s Plus， Samsung Galaxy S6/S6 Edge/S6 Edge Plus/S7 Edge e altro Smartphones,
https://www.amazon.it/dp/B00O5Z5RV8,B00O5Z5RV8,2.6,2,Garmin,Garmin Nuvi 2797 GPS per Auto， Nero/Antracite,
https://www.amazon.it/dp/B00O1ODWT2,B00O1ODWT2,,,Zenec,Zenec EACC-S6J - ZENEC Z-EACC-S6J Kabelbaum für Z-E5514M ab BJ 2013,
https://www.amazon.it/dp/B00NNPQB7A,B00NNPQB7A,4.1,5,Garmin,Garmin nuvi 2589T Lifetime Europe45 5" Touchscreen 184g Black navigator - Navigators (Central Europe， Eastern Europe， Southern Europe， Western Europe， 12.7 cm (5")， 480 x 272 pixels， MicroSD (TransFlash)， FM， Black),
https://www.amazon.it/dp/B00N9E9U0U,B00N9E9U0U,5,1,CREATONE,autoRadio da 2DIN “Creatone” V-336DG con GPS (Europa)， Bluetooth， touchscreen， lettore DVD e USB/SD,
https://www.amazon.it/dp/B00JZMLTXQ,B00JZMLTXQ,2.5,4,Becker,Becker ACTIVE 5 Navigatore GPS， Nero/Antracite,
https://www.amazon.it/dp/B00IATZYG8,B00IATZYG8,3,1,Garmin,Garmin nüvi 65LM - Navigatore GPS， nero,
https://www.amazon.it/dp/B00I66T510,B00I66T510,3.7,2,Garmin,Garmin Nuvi 56 GPS per Auto， Display 5"， Nero,
https://www.amazon.it/dp/B07KVYMH8D,B07KVYMH8D,,,Car-gps,Android 7.0 autoradio GPS navi per Honda Fit 2007 – 2013 RHD autoradio Multimedia Head Unit WiFi Bluetooth versione destra navigazione,
https://www.amazon.it/dp/B07K27G155,B07K27G155,,,Moliies,14 centimetri Clever Bunny Pendente Coniglio decorazione appesa tracolla borsa pendente portachiavi auto interni appesi,
